{
  "time": 21567,
  "resources": {
    "water": {
      "balance": 1400.0941461674734,
      "supplied": 5131.094146167467
    },
    "mineral": {
      "balance": 1352.169913048167,
      "supplied": 3776.16991304814
    },
    "credits": {
      "balance": -4761.942425152499,
      "supplied": 368.0575748475041
    }
  },
  "effects": {
    "pending": [],
    "completed": [
      "BNK28",
      "BNK23",
      "BNK29",
      "BNK33",
      "BNK13",
      "BNK16",
      "BNK27",
      "BNK31",
      "BNK22",
      "BNK32",
      "BNK30",
      "BNK26",
      "BNK25",
      "BNK17",
      "BNK24",
      "BNK37",
      "BNK38",
      "BNK39",
      "BNK40"
    ],
    "rejected": []
  },
  "activities": {
    "pending": [],
    "completed": [],
    "rejected": []
  }
}