{
  "time": 45559,
  "resources": {
    "water": {
      "balance": 70694.03103064168,
      "supplied": 106010.03103064183
    },
    "mineral": {
      "balance": 29132.215050511913,
      "supplied": 42282.21505051211
    },
    "credits": {
      "balance": -12120.6446611016,
      "supplied": 30149.35533889837
    }
  },
  "effects": {
    "pending": [
      "BNK60",
      "BNK73",
      "BNK38",
      "BNK117",
      "BNK55",
      "BNK31",
      "BNK58",
      "BNK34",
      "BNK164",
      "BNK75",
      "BNK33",
      "BNK77",
      "BNK62",
      "BNK163",
      "BNK16",
      "BNK152",
      "BNK102",
      "BNK105",
      "BNK155",
      "BNK159",
      "BNK118",
      "BNK141",
      "BNK98",
      "BNK140",
      "BNK72",
      "BNK120",
      "BNK52",
      "BNK88",
      "BNK89",
      "BNK63",
      "BNK37",
      "BNK35",
      "BNK78",
      "BNK67",
      "BNK137",
      "BNK39",
      "BNK101",
      "BNK5",
      "BNK4",
      "BNK147",
      "BNK129",
      "BNK144",
      "BNK7",
      "BNK86",
      "BNK23",
      "BNK41",
      "BNK56",
      "BNK82",
      "BNK151",
      "BNK12",
      "BNK19",
      "BNK45",
      "BNK53",
      "BNK9",
      "BNK160",
      "BNK96",
      "BNK109",
      "BNK132",
      "BNK49",
      "BNK94",
      "BNK51",
      "BNK8",
      "BNK157"
    ],
    "completed": [
      "BNK108",
      "BNK103",
      "BNK40",
      "BNK32",
      "BNK17",
      "BNK148",
      "BNK54",
      "BNK80",
      "BNK85",
      "BNK95",
      "BNK156",
      "BNK84",
      "BNK122",
      "BNK114",
      "BNK136",
      "BNK135",
      "BNK90",
      "BNK61",
      "BNK79",
      "BNK14",
      "BNK28",
      "BNK125",
      "BNK161",
      "BNK100",
      "BNK11",
      "BNK112",
      "BNK142",
      "BNK29",
      "BNK6",
      "BNK113",
      "BNK81",
      "BNK162",
      "BNK158",
      "BNK153",
      "BNK83",
      "BNK123",
      "BNK128",
      "BNK154",
      "BNK106",
      "BNK15",
      "BNK134",
      "BNK22",
      "BNK111",
      "BNK127",
      "BNK145",
      "BNK91",
      "BNK74",
      "BNK121",
      "BNK57",
      "BNK150",
      "BNK44",
      "BNK92",
      "BNK97",
      "BNK107",
      "BNK133",
      "BNK143",
      "BNK21",
      "BNK18",
      "BNK93",
      "BNK46",
      "BNK47",
      "BNK104",
      "BNK146",
      "BNK116",
      "BNK68",
      "BNK50",
      "BNK126",
      "BNK20",
      "BNK149",
      "BNK71",
      "BNK130",
      "BNK42",
      "BNK124",
      "BNK138",
      "BNK59",
      "BNK119",
      "BNK76",
      "BNK10",
      "BNK30",
      "BNK36",
      "BNK3",
      "BNK165",
      "BNK87",
      "BNK99",
      "BNK139",
      "BNK131",
      "BNK115",
      "BNK13",
      "BNK110",
      "BNK43"
    ],
    "rejected": []
  },
  "activities": {
    "pending": [],
    "completed": [
      "TX5313",
      "TX5314",
      "TX5315",
      "TX5316",
      "TX5317",
      "TX5318"
    ],
    "rejected": []
  }
}