{
  "time": 8365,
  "resources": {
    "water": {
      "balance": 1000.0213597379341,
      "supplied": 3476.0213597379407
    },
    "mineral": {
      "balance": 1000.1059605175715,
      "supplied": 2711.105960517578
    },
    "credits": {
      "balance": -2799.3671727338533,
      "supplied": 100.63282726614645
    }
  },
  "effects": {
    "pending": [],
    "completed": [
      "BNK13",
      "BNK16",
      "BNK17",
      "BNK22",
      "BNK23",
      "BNK24",
      "BNK25",
      "BNK26",
      "BNK27",
      "BNK28",
      "BNK29",
      "BNK30"
    ],
    "rejected": []
  },
  "activities": {
    "pending": [],
    "completed": [
      "TX728"
    ],
    "rejected": []
  }
}