{
  "time": 140665,
  "resources": {
    "water": {
      "balance": 522604.536070352,
      "supplied": 546937.5360703551
    },
    "mineral": {
      "balance": 210287.53663461903,
      "supplied": 217897.53663461824
    },
    "credits": {
      "balance": 12105.342487078435,
      "supplied": 53463.34248707857
    }
  },
  "effects": {
    "pending": [
      "BNK116",
      "BNK68",
      "BNK143",
      "BNK204",
      "BNK183",
      "BNK208",
      "BNK128",
      "BNK219",
      "BNK107",
      "BNK125",
      "BNK51",
      "BNK141",
      "BNK152",
      "BNK14",
      "BNK140",
      "BNK144",
      "BNK139",
      "BNK121",
      "BNK72",
      "BNK48",
      "BNK76",
      "BNK108",
      "BNK62",
      "BNK201",
      "BNK58",
      "BNK142",
      "BNK180",
      "BNK163",
      "BNK34",
      "BNK73",
      "BNK56",
      "BNK126",
      "BNK118",
      "BNK37",
      "BNK64",
      "BNK100",
      "BNK168",
      "BNK4",
      "BNK53",
      "BNK162",
      "BNK166",
      "BNK220",
      "BNK175",
      "BNK111",
      "BNK66",
      "BNK67",
      "BNK177",
      "BNK184",
      "BNK194",
      "BNK104",
      "BNK207",
      "BNK20",
      "BNK196",
      "BNK3",
      "BNK36",
      "BNK10",
      "BNK55",
      "BNK11",
      "BNK199",
      "BNK193",
      "BNK96",
      "BNK214",
      "BNK164",
      "BNK145",
      "BNK197"
    ],
    "completed": [
      "BNK221",
      "BNK115",
      "BNK6",
      "BNK87",
      "BNK57",
      "BNK172",
      "BNK40",
      "BNK119",
      "BNK173",
      "BNK8",
      "BNK38",
      "BNK5",
      "BNK77",
      "BNK181",
      "BNK92",
      "BNK120",
      "BNK15",
      "BNK13",
      "BNK195",
      "BNK27",
      "BNK9",
      "BNK54",
      "BNK130",
      "BNK74",
      "BNK129",
      "BNK28",
      "BNK60",
      "BNK52",
      "BNK97",
      "BNK29",
      "BNK190",
      "BNK71",
      "BNK41",
      "BNK174",
      "BNK151",
      "BNK198",
      "BNK203",
      "BNK46",
      "BNK99",
      "BNK102",
      "BNK7",
      "BNK89",
      "BNK94",
      "BNK148",
      "BNK63",
      "BNK101",
      "BNK147",
      "BNK61",
      "BNK191",
      "BNK189",
      "BNK59",
      "BNK33",
      "BNK187",
      "BNK105",
      "BNK133",
      "BNK205",
      "BNK153",
      "BNK169",
      "BNK170",
      "BNK179",
      "BNK132",
      "BNK69",
      "BNK134",
      "BNK138",
      "BNK49",
      "BNK18",
      "BNK19",
      "BNK182",
      "BNK137",
      "BNK75",
      "BNK123",
      "BNK43",
      "BNK45",
      "BNK131",
      "BNK32",
      "BNK39",
      "BNK44",
      "BNK149",
      "BNK109",
      "BNK209",
      "BNK17",
      "BNK42",
      "BNK110",
      "BNK136",
      "BNK90",
      "BNK186",
      "BNK50",
      "BNK165",
      "BNK65",
      "BNK200",
      "BNK30",
      "BNK117",
      "BNK202",
      "BNK95",
      "BNK91",
      "BNK16",
      "BNK216",
      "BNK88",
      "BNK12",
      "BNK171",
      "BNK150",
      "BNK127",
      "BNK122",
      "BNK98",
      "BNK124",
      "BNK86",
      "BNK176",
      "BNK218",
      "BNK70",
      "BNK31",
      "BNK106",
      "BNK167"
    ],
    "rejected": []
  },
  "accounts": [
    "worldbank"
  ],
  "activities": {
    "pending": [],
    "completed": [],
    "rejected": []
  }
}