{
  "time": 39562,
  "resources": {
    "water": {
      "balance": 1399.8881365601594,
      "supplied": 5376.888136559926
    },
    "mineral": {
      "balance": 1399.9918244634719,
      "supplied": 3922.9918244634932
    },
    "credits": {
      "balance": -4584.998537123031,
      "supplied": 845.001462876966
    }
  },
  "effects": {
    "pending": [
      "BNK40",
      "BNK41"
    ],
    "completed": [
      "BNK23",
      "BNK13",
      "BNK16",
      "BNK27",
      "BNK22",
      "BNK30",
      "BNK26",
      "BNK25",
      "BNK17",
      "BNK24",
      "BNK38"
    ],
    "rejected": []
  },
  "activities": {
    "pending": [],
    "completed": [
      "TX1396"
    ],
    "rejected": []
  }
}