{
  "time": 34849,
  "resources": {
    "water": {
      "balance": 1208.334839084222,
      "supplied": 8663.334839084147
    },
    "mineral": {
      "balance": 1095.1600508332701,
      "supplied": 5403.160050833307
    },
    "credits": {
      "balance": -7888.86477475097,
      "supplied": 411.1352252490257
    }
  },
  "effects": {
    "pending": [
      "BNK31",
      "BNK48",
      "BNK52",
      "BNK47",
      "BNK15",
      "BNK8",
      "BNK45",
      "BNK28",
      "BNK12",
      "BNK13",
      "BNK54"
    ],
    "completed": [
      "BNK41",
      "BNK10",
      "BNK11",
      "BNK30"
    ],
    "rejected": []
  },
  "activities": {
    "pending": [],
    "completed": [],
    "rejected": []
  }
}