{
  "time": 12812,
  "resources": {
    "water": {
      "balance": 1322.1803661448766,
      "supplied": 3902.1803661448876
    },
    "mineral": {
      "balance": 1204.227367439747,
      "supplied": 3012.227367439743
    },
    "credits": {
      "balance": -3642.1091430036486,
      "supplied": 177.89085699635146
    }
  },
  "effects": {
    "pending": [],
    "completed": [
      "BNK13",
      "BNK16",
      "BNK17",
      "BNK22",
      "BNK23",
      "BNK24",
      "BNK25",
      "BNK26",
      "BNK27",
      "BNK28",
      "BNK29",
      "BNK30",
      "BNK31"
    ],
    "rejected": []
  },
  "activities": {
    "pending": [],
    "completed": [],
    "rejected": []
  }
}