{
  "time": 6,
  "resources": {
    "water": {
      "balance": 671.5236982593776,
      "supplied": 5797.523698259213
    },
    "mineral": {
      "balance": 785.3675850371336,
      "supplied": 4054.3675850372
    },
    "credits": {
      "balance": -5750.677561317391,
      "supplied": 1299.322438682604
    }
  },
  "effects": {
    "pending": [
      "BNK23",
      "BNK39",
      "BNK29",
      "BNK33",
      "BNK13",
      "BNK16",
      "BNK27",
      "BNK31",
      "BNK37",
      "BNK22",
      "BNK32",
      "BNK38",
      "BNK30",
      "BNK26",
      "BNK25",
      "BNK40",
      "BNK47",
      "BNK46",
      "BNK17",
      "BNK43",
      "BNK48",
      "BNK24",
      "BNK49",
      "BNK41",
      "BNK42",
      "BNK28"
    ],
    "completed": [],
    "rejected": []
  },
  "activities": {
    "pending": [],
    "completed": [],
    "rejected": []
  }
}